-- MySQL dump 10.13  Distrib 8.0.22, for Win64 (x86_64)
--
-- Host: localhost    Database: socialnetwork
-- ------------------------------------------------------
-- Server version	8.0.22

/*!40101 SET @OLD_CHARACTER_SET_CLIENT=@@CHARACTER_SET_CLIENT */;
/*!40101 SET @OLD_CHARACTER_SET_RESULTS=@@CHARACTER_SET_RESULTS */;
/*!40101 SET @OLD_COLLATION_CONNECTION=@@COLLATION_CONNECTION */;
/*!50503 SET NAMES utf8mb4 */;
/*!40103 SET @OLD_TIME_ZONE=@@TIME_ZONE */;
/*!40103 SET TIME_ZONE='+00:00' */;
/*!40014 SET @OLD_UNIQUE_CHECKS=@@UNIQUE_CHECKS, UNIQUE_CHECKS=0 */;
/*!40014 SET @OLD_FOREIGN_KEY_CHECKS=@@FOREIGN_KEY_CHECKS, FOREIGN_KEY_CHECKS=0 */;
/*!40101 SET @OLD_SQL_MODE=@@SQL_MODE, SQL_MODE='NO_AUTO_VALUE_ON_ZERO' */;
/*!40111 SET @OLD_SQL_NOTES=@@SQL_NOTES, SQL_NOTES=0 */;

--
-- Table structure for table `comments`
--

DROP TABLE IF EXISTS `comments`;
/*!40101 SET @saved_cs_client     = @@character_set_client */;
/*!50503 SET character_set_client = utf8mb4 */;
CREATE TABLE `comments` (
  `id` int NOT NULL AUTO_INCREMENT,
  `message` text NOT NULL,
  `pseudo` varchar(255) NOT NULL,
  `createdAt` datetime NOT NULL,
  `updatedAt` datetime NOT NULL,
  `UserId` int NOT NULL,
  `PostId` int NOT NULL,
  PRIMARY KEY (`id`),
  KEY `UserId` (`UserId`),
  KEY `PostId` (`PostId`),
  CONSTRAINT `comments_ibfk_1` FOREIGN KEY (`UserId`) REFERENCES `users` (`id`) ON DELETE CASCADE ON UPDATE CASCADE,
  CONSTRAINT `comments_ibfk_2` FOREIGN KEY (`PostId`) REFERENCES `posts` (`id`) ON DELETE CASCADE ON UPDATE CASCADE
) ENGINE=InnoDB AUTO_INCREMENT=8 DEFAULT CHARSET=utf8mb4 COLLATE=utf8mb4_unicode_ci;
/*!40101 SET character_set_client = @saved_cs_client */;

--
-- Dumping data for table `comments`
--

LOCK TABLES `comments` WRITE;
/*!40000 ALTER TABLE `comments` DISABLE KEYS */;
INSERT INTO `comments` VALUES (3,'Ok chef !','Cyril','2020-10-27 14:26:37','2020-10-27 14:26:37',10,1),(4,'yes','Marco','2020-10-27 14:27:39','2020-10-27 14:27:39',11,1),(5,'trop chou !','Estelle','2020-10-27 14:29:08','2020-10-27 14:29:08',12,6),(6,'Toujours 😃','Estelle','2020-10-27 14:29:28','2020-10-27 14:29:28',12,1),(7,'je préfère ça ahah','admin','2020-10-27 14:30:56','2020-10-27 14:30:56',1,1);
/*!40000 ALTER TABLE `comments` ENABLE KEYS */;
UNLOCK TABLES;

--
-- Table structure for table `likes`
--

DROP TABLE IF EXISTS `likes`;
/*!40101 SET @saved_cs_client     = @@character_set_client */;
/*!50503 SET character_set_client = utf8mb4 */;
CREATE TABLE `likes` (
  `id` int NOT NULL AUTO_INCREMENT,
  `createdAt` datetime NOT NULL,
  `updatedAt` datetime NOT NULL,
  `UserId` int NOT NULL,
  `PostId` int NOT NULL,
  PRIMARY KEY (`id`),
  KEY `UserId` (`UserId`),
  KEY `PostId` (`PostId`),
  CONSTRAINT `likes_ibfk_1` FOREIGN KEY (`UserId`) REFERENCES `users` (`id`) ON DELETE CASCADE ON UPDATE CASCADE,
  CONSTRAINT `likes_ibfk_2` FOREIGN KEY (`PostId`) REFERENCES `posts` (`id`) ON DELETE CASCADE ON UPDATE CASCADE
) ENGINE=InnoDB AUTO_INCREMENT=10 DEFAULT CHARSET=utf8mb4 COLLATE=utf8mb4_unicode_ci;
/*!40101 SET character_set_client = @saved_cs_client */;

--
-- Dumping data for table `likes`
--

LOCK TABLES `likes` WRITE;
/*!40000 ALTER TABLE `likes` DISABLE KEYS */;
INSERT INTO `likes` VALUES (4,'2020-10-27 14:26:32','2020-10-27 14:26:32',10,1),(5,'2020-10-27 14:27:32','2020-10-27 14:27:32',11,1),(6,'2020-10-27 14:27:42','2020-10-27 14:27:42',11,5),(7,'2020-10-27 14:28:57','2020-10-27 14:28:57',12,6),(8,'2020-10-27 14:29:13','2020-10-27 14:29:13',12,1),(9,'2020-10-27 14:31:04','2020-10-27 14:31:04',1,6);
/*!40000 ALTER TABLE `likes` ENABLE KEYS */;
UNLOCK TABLES;

--
-- Table structure for table `posts`
--

DROP TABLE IF EXISTS `posts`;
/*!40101 SET @saved_cs_client     = @@character_set_client */;
/*!50503 SET character_set_client = utf8mb4 */;
CREATE TABLE `posts` (
  `id` int NOT NULL AUTO_INCREMENT,
  `message` text NOT NULL,
  `link` varchar(255) DEFAULT NULL,
  `imageUrl` varchar(255) DEFAULT NULL,
  `createdAt` datetime NOT NULL,
  `updatedAt` datetime NOT NULL,
  `UserId` int NOT NULL,
  PRIMARY KEY (`id`),
  KEY `UserId` (`UserId`),
  CONSTRAINT `posts_ibfk_1` FOREIGN KEY (`UserId`) REFERENCES `users` (`id`) ON DELETE CASCADE ON UPDATE CASCADE
) ENGINE=InnoDB AUTO_INCREMENT=8 DEFAULT CHARSET=utf8mb4 COLLATE=utf8mb4_unicode_ci;
/*!40101 SET character_set_client = @saved_cs_client */;

--
-- Dumping data for table `posts`
--

LOCK TABLES `posts` WRITE;
/*!40000 ALTER TABLE `posts` DISABLE KEYS */;
INSERT INTO `posts` VALUES (1,'Bienveillance et respect svp 😊',NULL,NULL,'2020-10-27 13:56:34','2020-10-27 14:26:14',1),(5,'😁','https://media.giphy.com/media/3xz2BtNxiBNTisHygM/giphy.gif',NULL,'2020-10-27 14:27:00','2020-10-27 14:27:09',10),(6,'Hello','https://media1.giphy.com/media/m8SQE8720OkEg/giphy.webp?cid=ecf05e47v2zsgqoae9u5sphgxnvuqbkc4344wbowrl56mijn&rid=giphy.webp',NULL,'2020-10-27 14:27:56','2020-10-27 14:28:29',11),(7,'Je vous surveille 😉','https://media2.giphy.com/media/fGFpff9dvV9LO/giphy.webp?cid=ecf05e47d401mllsp4rzpmqpxmxr3i16noq119jemrp0j7ng&rid=giphy.webp',NULL,'2020-10-27 14:30:33','2020-10-27 14:30:33',1);
/*!40000 ALTER TABLE `posts` ENABLE KEYS */;
UNLOCK TABLES;

--
-- Table structure for table `users`
--

DROP TABLE IF EXISTS `users`;
/*!40101 SET @saved_cs_client     = @@character_set_client */;
/*!50503 SET character_set_client = utf8mb4 */;
CREATE TABLE `users` (
  `id` int NOT NULL AUTO_INCREMENT,
  `pseudo` varchar(255) NOT NULL,
  `email` varchar(255) NOT NULL,
  `password` varchar(255) NOT NULL,
  `photo` varchar(255) DEFAULT NULL,
  `bio` varchar(500) DEFAULT NULL,
  `admin` tinyint(1) NOT NULL,
  `createdAt` datetime NOT NULL,
  `updatedAt` datetime NOT NULL,
  PRIMARY KEY (`id`),
  UNIQUE KEY `email` (`email`)
) ENGINE=InnoDB AUTO_INCREMENT=13 DEFAULT CHARSET=utf8mb4 COLLATE=utf8mb4_unicode_ci;
/*!40101 SET character_set_client = @saved_cs_client */;

--
-- Dumping data for table `users`
--

LOCK TABLES `users` WRITE;
/*!40000 ALTER TABLE `users` DISABLE KEYS */;
INSERT INTO `users` VALUES (1,'admin','admin@mail.com','$2b$10$ullNHu9dYYSjH0ioi7SpyemMNhW7vdIZ6aGBw.D7.bxArp58J8Vdq','http://localhost:3000/upload/profil_admin1603808637091.png',NULL,1,'2020-10-27 13:56:03','2020-10-27 14:23:57'),(10,'Cyril','cyril@mail.com','$2b$10$KvD1o7KWzv5hksCQV5VqveWgZuxh5rZOAQ5YCdBN90hxZDq9PEUBm',NULL,NULL,0,'2020-10-27 14:26:25','2020-10-27 14:26:25'),(11,'Marco','marc@mail.com','$2b$10$Fu.apmLEqIm5uvMHe12adO595rnlnojNWk38W3VSMazlF8EIyVoRW',NULL,NULL,0,'2020-10-27 14:27:25','2020-10-27 14:27:25'),(12,'Estelle','estelle@mail.com','$2b$10$Vbkq3b4j97sbGuBj0ayS2.vDwFM9VgA6nzOMdI4pnQnzqpOurgkMe',NULL,NULL,0,'2020-10-27 14:28:53','2020-10-27 14:28:53');
/*!40000 ALTER TABLE `users` ENABLE KEYS */;
UNLOCK TABLES;
/*!40103 SET TIME_ZONE=@OLD_TIME_ZONE */;

/*!40101 SET SQL_MODE=@OLD_SQL_MODE */;
/*!40014 SET FOREIGN_KEY_CHECKS=@OLD_FOREIGN_KEY_CHECKS */;
/*!40014 SET UNIQUE_CHECKS=@OLD_UNIQUE_CHECKS */;
/*!40101 SET CHARACTER_SET_CLIENT=@OLD_CHARACTER_SET_CLIENT */;
/*!40101 SET CHARACTER_SET_RESULTS=@OLD_CHARACTER_SET_RESULTS */;
/*!40101 SET COLLATION_CONNECTION=@OLD_COLLATION_CONNECTION */;
/*!40111 SET SQL_NOTES=@OLD_SQL_NOTES */;

-- Dump completed on 2020-10-27 15:31:56
